#Patient_ID,Name,DOB,Gender,Address,City,Country,Phone,Insurance_ID,First_Name,Last_Name
1,Basia Ervine,20-04-1976,Female,777 Brockton Avenue,Abington,USA,9547977288,508-70-8764,Basia,Ervine
3,Boyd Mattaser,29-05-1979,Male,250 Hartford Avenue,Bellingham,USA,9020494383,364-40-5962,Boyd,Mattaser
4,Jyoti Scarth,01-10-1975,Female,700 Oak Street,Brockton,USA,9304386677,596-23-0910,Jyoti,Scarth
5,Tad Sapena,23-08-2012,Male,66-4 Parkhurst Rd,Chelmsford,USA,9297187923,691-51-7147,Tad,Sapena
6,Neel Laird,14-05-2012,Male,591 Memorial Dr,Chicopee,USA,9377432442,432-31-1973,Neel,Laird
7,Alexis Barstow,29-08-1969,Female,55 Brooksby Village Way,Danvers,USA,9766338504,591-21-0472,Alexis,Barstow
8,Maddalena Oguz,23-06-1968,Female,137 Teaticket Hwy,East Falmouth,USA,9406877998,578-64-0378,Maddalena,Oguz
9,Sharlene Giroldo,07-06-2002,Female,42 Fairhaven Commons Way,Fairhaven,USA,9400210370,323-69-5247,Sharlene,Giroldo
11,Kele Vlach,09-03-1994,Male,121 Worcester Rd,Framingham,USA,9880460301,192-46-0743,Kele,Vlach
12,Daren Goodin,06-06-1983,Male,677 Timpany Blvd,Gardner,USA,9258756921,822-65-2064,Daren,Goodin
13,Dedie Bail,10-01-2004,Female,337 Russell St,Hadley,USA,9883157208,734-71-1215,Dedie,Bail
14,Brietta Pirolini,08-08-1969,Female,295 Plymouth Street,Halifax,USA,9659006399,144-02-4071,Brietta,Pirolini
16,Alyse Tomkys,20-03-1980,Female,280 Washington Street,Hudson,USA,9437599134,645-34-4577,Alyse,Tomkys
18,Gerianna Backwell,14-10-1957,Female,11 Jungle Road,Leominster,USA,9514372914,482-23-1667,Gerianna,Backwell
19,Eddy Barney,06-12-2009,Male,301 Massachusetts Ave,Lunenburg,USA,9285241033,797-36-4684,Eddy,Barney
20,Dennie Kilbourn,25-06-1956,Female,780 Lynnway,Lynn,USA,9853913184,845-66-3550,Dennie,Kilbourn
22,Berget Mealiffe,26-12-1970,Female,830 Curran Memorial Hwy,North Adams,USA,9037270579,229-42-0988,Berget,Mealiffe
23,Baily Fassmann,09-08-2007,Male,1470 S Washington St,North Attleboro,USA,9802637077,754-12-6977,Baily,Fassmann
24,Hanni Rowell,26-03-1955,Female,506 State Road,North Dartmouth,USA,9208061080,119-15-1475,Hanni,Rowell
25,Wainwright Fulep,12-10-1979,Male,742 Main Street,North Oxford,USA,9763385713,298-64-5725,Wainwright,Fulep
26,Winny Wratten,23-10-1983,Female,72 Main St,North Reading,USA,9400526437,587-18-1873,Winny,Wratten
28,Neala Trevorrow,06-02-1960,Female,180 North King Street,Northhampton,USA,9475299426,881-32-9029,Neala,Trevorrow
31,Barbabra Pinsent,26-11-1983,Female,300 Colony Place,Plymouth,USA,9611537697,230-96-6534,Barbabra,Pinsent
33,Ray Lillgard,24-06-1967,Female,36 Paramount Drive,Raynham,USA,9677067546,297-36-6750,Ray,Lillgard
34,Quentin Igounet,29-08-1965,Female,450 Highland Ave,Salem,USA,9080656536,247-79-2568,Quentin,Igounet
36,Cirilo Sandeson,01-02-2014,Male,1105 Boston Road,Springfield,USA,9241639207,356-25-8634,Cirilo,Sandeson
37,Staford Woollcott,19-10-2015,Male,100 Charlton Road,Sturbridge,USA,9524424675,302-85-1486,Staford,Woollcott
38,Lissi Dries,20-06-2008,Female,262 Swansea Mall Dr,Swansea,USA,9916408337,407-64-7168,Lissi,Dries
39,Neilla Samart,20-11-1968,Female,333 Main Street,Tewksbury,USA,9627979836,776-81-6536,Neilla,Samart
40,Agustin Gyse,01-10-1971,Male,550 Providence Hwy,Walpole,USA,9778551636,672-09-6595,Agustin,Gyse
41,Freedman Hindge,18-07-1961,Male,352 Palmer Road,Ware,USA,9033293703,708-15-0804,Freedman,Hindge
42,Davita Fields,25-05-1983,Female,3005 Cranberry Hwy Rt 6 28,Wareham,USA,9204642386,295-69-7520,Davita,Fields
43,Charlie Matura,24-11-1961,Male,250 Rt 59,Airmont,USA,9037001465,182-29-6099,Charlie,Matura
44,Hubert Gillmore,19-05-2001,Male,141 Washington Ave Extension,Albany,USA,9494235956,708-27-9049,Hubert,Gillmore
45,Patten Brekonridge,25-02-1979,Male,13858 Rt 31 W,Albion,USA,9394846835,637-25-4760,Patten,Brekonridge
46,Caprice Duns,02-07-1960,Female,2055 Niagara Falls Blvd,Amherst,USA,9589246024,284-07-8451,Caprice,Duns
47,Hillary Allsebrook,26-09-2014,Female,101 Sanford Farm Shpg Center,Amsterdam,USA,9307418769,212-14-6549,Hillary,Allsebrook
50,Lewes Piatkow,28-12-1993,Male,6265 Brockport Spencerport Rd,Brockport,USA,9766608190,824-08-2547,Lewes,Piatkow
51,Dennie Rijkeseis,07-12-1992,Male,5399 W Genesse St,Camillus,USA,9130210368,656-31-3532,Dennie,Rijkeseis
52,Benjie De Gowe,12-04-1997,Male,3191 County rd 10,Canandaigua,USA,9698588200,712-05-8320,Benjie,De Gowe
53,Tracie Aupol,08-01-1998,Female,30 Catskill,Catskill,USA,9704292016,458-57-2493,Tracie,Aupol
55,Lewes Alldis,01-01-1981,Male,3018 East Ave,Central Square,USA,9990221548,626-18-4402,Lewes,Alldis
56,Halette Nibloe,12-09-2012,Female,100 Thruway Plaza,Cheektowaga,USA,9692737227,494-34-7196,Halette,Nibloe
57,Celinka Todari,03-01-1986,Female,8064 Brewerton Rd,Cicero,USA,9932042472,322-10-1846,Celinka,Todari
58,Batholomew Kempshall,04-09-1988,Male,5033 Transit Road,Clarence,USA,9934874196,486-79-3414,Batholomew,Kempshall
59,Tamqrah Mantha,10-04-1955,Female,3949 Route 31,Clay,USA,9100343370,876-70-4339,Tamqrah,Mantha
60,Lilyan Crocket,25-09-1999,Female,139 Merchant Place,Cobleskill,USA,9886736405,352-94-6125,Lilyan,Crocket
62,Wynn Jakubovicz,24-01-1959,Male,872 Route 13,Cortlandville,USA,9330571906,183-84-6700,Wynn,Jakubovicz
63,Klarika Farress,15-03-1977,Female,279 Troy Road,East Greenbush,USA,9698445512,846-63-1555,Klarika,Farress
64,Burk Stamps,14-07-1956,Male,2465 Hempstead Turnpike,East Meadow,USA,9834646501,339-74-0560,Burk,Stamps
65,Tobiah Insall,10-11-1966,Male,6438 Basile Rowe,East Syracuse,USA,9828337761,516-88-4984,Tobiah,Insall
66,Farrel Todarello,05-03-1970,Male,25737 US Rt 11,Evans Mills,USA,9414065167,592-79-7036,Farrel,Todarello
67,Romonda Pillans,23-10-1976,Female,901 Route 110,Farmingdale,USA,9265670775,180-85-4322,Romonda,Pillans
68,Melosa Alliband,02-01-1985,Female,2400 Route 9,Fishkill,USA,9985733297,632-56-6646,Melosa,Alliband
71,Abram Cornil,30-03-2013,Male,4300 Lakeville Road,Geneseo,USA,9271218626,454-29-7227,Abram,Cornil
72,Annabela Dignum,01-06-2015,Female,990 Route 5 20,Geneva,USA,9228924684,221-92-6579,Annabela,Dignum
73,Bev Astlatt,11-03-1982,Male,311 RT 9W,Glenmont,USA,9427388762,816-47-9680,Bev,Astlatt
74,Aldridge Berndt,23-03-1975,Male,200 Dutch Meadows Ln,Glenville,USA,9403685879,420-15-5889,Aldridge,Berndt
75,Emmaline Cratchley,23-02-1957,Female,100 Elm Ridge Center Dr,Greece,USA,9499168370,102-11-7696,Emmaline,Cratchley
76,Therine Buckthorpe,17-12-2015,Female,1549 Rt 9,Halfmoon,USA,9147187648,260-74-7562,Therine,Buckthorpe
77,Krista Sommerfeld,19-04-1977,Female,5360 Southwestern Blvd,Hamburg,USA,9559500342,185-58-7735,Krista,Sommerfeld
79,Jody Waddingham,11-09-1972,Male,1000 State Route 36,Hornell,USA,9633355076,230-63-7381,Jody,Waddingham
80,Hebert Soda,27-06-2014,Male,1400 County Rd 64,Horseheads,USA,9635386297,491-05-0122,Hebert,Soda
81,Thorny Leming,17-03-2012,Male,135 Fairgrounds Memorial Pkwy,Ithaca,USA,9053222958,288-61-7773,Thorny,Leming
82,Lloyd Greetham,15-12-1967,Male,2 Gannett Dr,Johnson City,USA,9419413635,107-95-0781,Lloyd,Greetham
83,Demetris Claypool,13-06-1955,Male,233 5th Ave Ext,Johnstown,USA,9511779181,103-94-8443,Demetris,Claypool
84,Evonne Gudge,04-11-1976,Female,601 Frank Stottile Blvd,Kingston,USA,9323927532,308-38-3446,Evonne,Gudge
85,Mahmoud Americi,23-09-2012,Male,350 E Fairmount Ave,Lakewood,USA,9423237299,444-98-8576,Mahmoud,Americi
86,Norma Burnet,11-11-1996,Female,4975 Transit Rd,Lancaster,USA,9812231632,147-84-8497,Norma,Burnet
89,Inessa Dumingo,06-07-1965,Female,7155 State Rt 12 S,Lowville,USA,9396482880,760-85-6634,Inessa,Dumingo
90,Lyn Leander,16-07-2004,Female,425 Route 31,Macedon,USA,9712677697,723-79-0943,Lyn,Leander
92,Johnette Pfeiffer,25-07-2006,Female,200 Sunrise Mall,Massapequa,USA,9480614574,626-46-9381,Johnette,Pfeiffer
93,Elwin Garrattley,11-01-1982,Male,43 Stephenville St,Massena,USA,9291050868,197-20-9394,Elwin,Garrattley
94,Hailey Satteford,15-03-2001,Male,750 Middle Country Road,Middle Island,USA,9254160224,677-87-7502,Hailey,Satteford
96,Lishe Ranklin,13-01-1969,Female,3133 E Main St,Mohegan Lake,USA,9211884837,594-10-9733,Lishe,Ranklin
97,Felicle Rodolico,15-02-2007,Female,288 Larkin,Monroe,USA,9527931461,256-82-0441,Felicle,Rodolico
98,Keene Swanborough,24-07-1998,Male,41 Anawana Lake Road,Monticello,USA,9596599792,450-42-9847,Keene,Swanborough
99,Toddy Lambart,06-05-1959,Male,4765 Commercial Drive,New Hartford,USA,9600071046,811-34-0872,Toddy,Lambart
100,Fenelia Farge,10-03-1998,Female,1201 Rt 300,Newburgh,USA,9592869929,669-48-2935,Fenelia,Farge
101,Adria O'Rafferty,26-03-1980,Female,255 W Main St,Avon,USA,9108763790,657-87-3411,Adria,O'Rafferty
103,Daphne Kach,25-03-1956,Female,1400 Farmington Ave,Bristol,USA,9428262445,288-21-9582,Daphne,Kach
104,Corbett Drew-Clifton,22-07-1967,Male,161 Berlin Road,Cromwell,USA,9690257010,473-83-1597,Corbett,Drew-Clifton
105,Coop Exelby,18-11-2014,Male,67 Newton Rd,Danbury,USA,9574667793,809-47-4958,Coop,Exelby
107,Cathrin Anderson,13-11-1977,Female,69 Prospect Hill Road,East Windsor,USA,9167214990,220-19-6618,Cathrin,Anderson
108,Barbabas Loughton,16-11-1979,Male,150 Gold Star Hwy,Groton,USA,9928651597,869-04-1994,Barbabas,Loughton
109,Lynsey Sprules,18-02-2009,Female,900 Boston Post Road,Guilford,USA,9392685379,794-73-2909,Lynsey,Sprules
110,Tarrance Connow,16-07-1980,Male,2300 Dixwell Ave,Hamden,USA,9180658384,639-10-5843,Tarrance,Connow
113,Olenka Chaman,26-10-1978,Female,420 Buckland Hills Dr,Manchester,USA,9831801981,204-41-6565,Olenka,Chaman
114,Lyda Woodroff,22-03-1988,Female,1365 Boston Post Road,Milford,USA,9311742449,760-01-7638,Lyda,Woodroff
115,Calli Margaritelli,19-04-1984,Female,1100 New Haven Road,Naugatuck,USA,9513131021,285-30-9336,Calli,Margaritelli
116,Ross Vercruysse,23-06-1984,Male,315 Foxon Blvd,New Haven,USA,9150171350,234-48-9129,Ross,Vercruysse
117,Aviva Pankethman,25-06-1987,Female,164 Danbury Rd,New Milford,USA,9214429805,779-63-8564,Aviva,Pankethman
118,Noah Essex,30-07-1994,Male,3164 Berlin Turnpike,Newington,USA,9377540543,236-04-3926,Noah,Essex
119,Jacklin Powton,05-10-1991,Female,474 Boston Post Road,North Windham,USA,9579684817,747-80-5346,Jacklin,Powton
120,Rancell Sparham,21-06-1973,Male,650 Main Ave,Norwalk,USA,9694687306,728-15-4928,Rancell,Sparham
121,Armand Stripling,23-08-2015,Male,680 Connecticut Avenue,Norwalk,USA,9109736136,212-55-4324,Armand,Stripling
122,Channa Sueter,08-11-2006,Female,220 Salem Turnpike,Norwich,USA,9151844596,403-08-6711,Channa,Sueter
123,Fowler Patullo,05-08-1968,Male,655 Boston Post Rd,Old Saybrook,USA,9994836551,138-82-5644,Fowler,Patullo
124,Daveta Benion,08-04-1976,Female,625 School Street,Putnam,USA,9141383036,675-30-7956,Daveta,Benion
125,Friederike Rappa,15-11-1986,Female,80 Town Line Rd,Rocky Hill,USA,9631740305,844-54-2293,Friederike,Rappa
126,Cullie Honnicott,02-06-1981,Male,465 Bridgeport Avenue,Shelton,USA,9028121862,733-53-0647,Cullie,Honnicott
127,Cassandra McParland,11-03-2007,Female,235 Queen St,Southington,USA,9214137965,566-62-9027,Cassandra,McParland
128,Darrelle Myhan,05-12-1982,Female,150 Barnum Avenue Cutoff,Stratford,USA,9620782101,219-66-5447,Darrelle,Myhan
129,Julius Walesby,21-02-1987,Male,970 Torringford Street,Torrington,USA,9463810212,660-43-6729,Julius,Walesby
130,Nial Bullan,23-05-1959,Male,844 No Colony Road,Wallingford,USA,9796188324,483-33-2365,Nial,Bullan
131,Kirsti McEvoy,11-06-1986,Female,910 Wolcott St,Waterbury,USA,9291078841,557-66-2068,Kirsti,McEvoy
132,Lindy Sobieski,04-04-1967,Female,155 Waterford Parkway No,Waterford,USA,9013251972,411-54-7386,Lindy,Sobieski
133,Mona Kebell,18-11-1956,Female,515 Sawmill Road,West Haven,USA,9891121722,545-73-4621,Mona,Kebell
134,Gunther Fretter,06-05-2006,Male,2473 Hackworth Road,Adamsville,USA,9497052059,179-66-2670,Gunther,Fretter
135,Bay Nutton,23-01-1968,Male,630 Coonial Promenade Pkwy,Alabaster,USA,9318242609,275-88-8978,Bay,Nutton
136,Wes Heigold,05-03-1977,Male,2643 Hwy 280 West,Alexander City,USA,9770739549,317-33-7088,Wes,Heigold
137,Amandie Frane,25-01-1980,Female,540 West Bypass,Andalusia,USA,9422552913,690-38-8621,Amandie,Frane
138,Josey Tyas,13-04-2013,Female,5560 Mcclellan Blvd,Anniston,USA,9407502477,140-78-0183,Josey,Tyas
139,Margarette Stert,21-07-1986,Female,1450 No Brindlee Mtn Pkwy,Arab,USA,9017921281,231-08-1278,Margarette,Stert
140,Kelvin Oldridge,25-08-2001,Male,1011 US Hwy 72 East,Athens,USA,9963136221,115-94-2457,Kelvin,Oldridge
141,Edmund Springtorpe,21-10-1978,Male,973 Gilbert Ferry Road Se,Attalla,USA,9808153527,389-39-8007,Edmund,Springtorpe
142,Lin Brew,18-12-1971,Male,1717 South College Street,Auburn,USA,9425310393,193-96-0035,Lin,Brew
145,Vivie Cords,13-04-1956,Female,312 Palisades Blvd,Birmingham,USA,9828970972,335-01-0240,Vivie,Cords
146,Nancie Sudlow,06-06-1964,Female,1600 Montclair Rd,Birmingham,USA,9781158368,875-27-7471,Nancie,Sudlow
147,Alf Ackred,25-04-1987,Male,5919 Trussville Crossings Pkwy,Birmingham,USA,9830022379,892-37-0003,Alf,Ackred
148,Giana Guye,20-04-1970,Female,9248 Parkway East,Birmingham,USA,9455840692,465-64-8266,Giana,Guye
149,Nil Randall,16-04-1988,Male,1972 Hwy 431,Boaz,USA,9707418505,109-66-8403,Nil,Randall
150,Valentijn Waterfall,08-05-1975,Male,10675 Hwy 5,Brent,USA,8917475199,345-14-5177,Valentijn,Waterfall
151,Belle Erlam,18-04-1972,Female,2041 Douglas Avenue,Brewton,USA,8964015886,259-42-3711,Belle,Erlam
152,Lizzie Sellack,05-04-1960,Female,5100 Hwy 31,Calera,USA,8943256269,479-67-4581,Lizzie,Sellack
153,Rodolfo Furse,19-11-2006,Male,1916 Center Point Rd,Center Point,USA,8850511495,685-54-1982,Rodolfo,Furse
154,Osbert Weins,13-02-1965,Male,1950 W Main St,Centre,USA,8881914542,214-27-0064,Osbert,Weins
156,Mal Roget,01-03-1975,Male,1415 7Th Street South,Clanton,USA,8802044883,421-63-4173,Mal,Roget
157,Cobb Kiddell,03-10-2011,Male,626 Olive Street Sw,Cullman,USA,8888064722,704-91-6484,Cobb,Kiddell
158,Anderson Sand,02-12-1988,Male,27520 Hwy 98,Daphne,USA,8891538066,172-43-0759,Anderson,Sand
159,Conrado Czadla,14-11-1964,Male,2800 Spring Avn SW,Decatur,USA,8979779333,215-50-0710,Conrado,Czadla
160,Arther Sherrard,30-08-1957,Male,969 Us Hwy 80 West,Demopolis,USA,8931399833,447-39-6805,Arther,Sherrard
161,Derk Danat,12-08-1986,Male,3300 South Oates Street,Dothan,USA,8942590641,821-42-2299,Derk,Danat
162,Mack Catlette,29-01-2008,Male,4310 Montgomery Hwy,Dothan,USA,8800538923,686-96-3852,Mack,Catlette
163,Felecia Bindley,26-08-1993,Female,600 Boll Weevil Circle,Enterprise,USA,8976011810,537-71-5247,Felecia,Bindley
164,Brandi Dawtrey,04-02-1966,Female,3176 South Eufaula Avenue,Eufaula,USA,8976188194,679-83-7714,Brandi,Dawtrey
165,Farris Loades,16-09-1965,Male,7100 Aaron Aronov Drive,Fairfield,USA,8944406528,490-32-5461,Farris,Loades
166,Alice Swaisland,17-01-2004,Female,10040 County Road 48,Fairhope,USA,8880548761,700-56-4628,Alice,Swaisland
167,Delphine Kippie,21-03-1969,Female,3186 Hwy 171 North,Fayette,USA,8941027145,114-36-1794,Delphine,Kippie
168,Terrel Mattosoff,22-06-1964,Male,3100 Hough Rd,Florence,USA,8850035503,536-53-4464,Terrel,Mattosoff
169,Sonnie Callam,05-04-1993,Male,2200 South Mckenzie St,Foley,USA,8941213988,673-70-4229,Sonnie,Callam
170,Waldo Trett,10-03-1958,Male,2001 Glenn Bldv Sw,Fort Payne,USA,8859600327,153-21-1350,Waldo,Trett
172,Jessie Deelay,23-09-1970,Male,890 Odum Road,Gardendale,USA,8806876475,431-82-4368,Jessie,Deelay
173,Tasia Archibald,05-01-1978,Female,1608 W Magnolia Ave,Geneva,USA,8919755304,126-85-8724,Tasia,Archibald
174,Sonia Fleeming,22-12-1991,Female,501 Willow Lane,Greenville,USA,8910563504,876-46-6078,Sonia,Fleeming
175,Donelle Kielty,17-02-2001,Female,170 Fort Morgan Road,Gulf Shores,USA,8991112249,883-23-0213,Donelle,Kielty
176,Sibylla Delucia,14-02-1995,Female,11697 US Hwy 431,Guntersville,USA,8826035753,782-15-8993,Sibylla,Delucia
177,Saunder Fishe,11-11-1981,Male,42417 Hwy 195,Haleyville,USA,8961403467,268-11-3005,Saunder,Fishe
179,Cash Hawkswell,24-05-1972,Male,1201 Hwy 31 NW,Hartselle,USA,8837165293,191-58-0099,Cash,Hawkswell
180,Karola Walsham,07-09-1962,Female,209 Lakeshore Parkway,Homewood,USA,8949708529,458-08-2796,Karola,Walsham
182,Winny Gerholz,20-06-1977,Male,5335 Hwy 280 South,Hoover,USA,8825884203,875-24-1284,Winny,Gerholz
183,Stormie Kissick,13-08-1965,Female,1007 Red Farmer Drive,Hueytown,USA,8833628465,885-18-6489,Stormie,Kissick
185,Sheena Krabbe,30-05-2009,Female,11610 Memorial Pkwy South,Huntsville,USA,8890373162,454-84-9368,Sheena,Krabbe
186,Franky Daughtry,18-05-1992,Female,2200 Sparkman Drive,Huntsville,USA,8913428083,327-80-3785,Franky,Daughtry
187,Arielle Beeble,17-09-1979,Female,330 Sutton Rd,Huntsville,USA,8856317925,216-16-5026,Arielle,Beeble
188,Verile Laslett,29-12-1991,Female,6140A Univ Drive,Huntsville,USA,8956800800,326-37-3925,Verile,Laslett
189,Ferdie Lamble,23-07-1998,Male,4206 N College Ave,Jackson,USA,8956589511,561-54-8216,Ferdie,Lamble
192,Brina McLucas,25-01-2005,Female,8551 Whitfield Ave,Leeds,USA,8983218180,100-25-3024,Brina,McLucas
193,Woody Burk,03-10-1993,Male,8650 Madison Blvd,Madison,USA,8829476886,220-05-4057,Woody,Burk
194,Samson Fetherston,08-04-1965,Male,145 Kelley Blvd,Millbrook,USA,8993562454,549-10-8085,Samson,Fetherston
195,Patricio Olivier,19-04-1985,Male,1970 S University Blvd,Mobile,USA,8946151974,130-21-5150,Patricio,Olivier
196,Inna Orford,02-01-1966,Female,6350 Cottage Hill Road,Mobile,USA,8946829826,717-23-9556,Inna,Orford
198,Geraldine Rasp,05-01-1981,Female,2500 Dawes Road,Mobile,USA,8934394918,332-35-1270,Geraldine,Rasp
199,Tobye Pley,25-04-1981,Female,5245 Rangeline Service Rd,Mobile,USA,8826632267,471-77-4311,Tobye,Pley
200,Calley Burnett,25-07-1960,Female,685 Schillinger Rd,Mobile,USA,8822318684,807-08-2413,Calley,Burnett
201,Harcourt Healey,31-10-1968,Male,3371 S Alabama Ave,Monroeville,USA,8920580468,239-72-5074,Harcourt,Healey
202,Ruperto Caveill,11-01-2014,Male,10710 Chantilly Pkwy,Montgomery,USA,8881558512,576-48-6712,Ruperto,Caveill
203,Dael Harvison,06-07-1996,Male,3801 Eastern Blvd,Montgomery,USA,8839743897,718-58-5523,Dael,Harvison
205,Cosette Mixer,11-09-2008,Female,851 Ann St,Montgomery,USA,8912059918,356-56-7257,Cosette,Mixer
206,Francois Tullett,08-08-2014,Male,15445 Highway 24,Moulton,USA,8833839908,272-75-6688,Francois,Tullett
207,Catriona Noni,08-01-1962,Female,517 West Avalon Ave,Muscle Shoals,USA,8880387720,149-83-2594,Catriona,Noni
209,Gardner Piggins,14-11-1976,Male,2453 2Nd Avenue East,Oneonta,USA,8814056620,189-41-9530,Gardner,Piggins
210,Kristin Adenot,07-04-1973,Female,2900 Pepperrell Pkwy,Opelika,USA,8957454231,885-17-2872,Kristin,Adenot
212,Melli Desporte,03-05-1965,Female,1537 Hwy 231 South,Ozark,USA,8851513142,761-37-3688,Melli,Desporte
213,Ray Keenor,22-02-2008,Female,2181 Pelham Pkwy,Pelham,USA,8824936937,199-44-0770,Ray,Keenor
214,Kellen Lambeth,17-06-2011,Female,165 Vaughan Ln,Pell City,USA,8822530288,841-08-4384,Kellen,Lambeth
215,Nobe Eggleson,20-05-1988,Male,3700 Hwy 280-431 N,Phenix City,USA,8858497992,393-65-8467,Nobe,Eggleson
216,Russell Gambles,28-07-2008,Male,1903 Cobbs Ford Rd,Prattville,USA,8873072093,615-08-1949,Russell,Gambles
217,Brittaney Mulhall,15-08-1961,Female,4180 Us Hwy 431,Roanoke,USA,8824164862,450-70-6672,Brittaney,Mulhall
219,Drucy Glancey,11-06-2013,Female,1095 Industrial Pkwy,Saraland,USA,8855823624,894-27-4359,Drucy,Glancey
220,Janna Bredes,15-03-1987,Female,24833 Johnt Reidprkw,Scottsboro,USA,8857114476,421-79-2113,Janna,Bredes
221,Ricard Pashler,23-02-1979,Male,1501 Hwy 14 East,Selma,USA,8869911693,156-97-5493,Ricard,Pashler
222,Cross Behning,17-05-2014,Male,7855 Moffett Rd,Semmes,USA,8941358541,195-82-4435,Cross,Behning
223,Sallee Rispine,11-07-1986,Female,150 Springville Station Blvd,Springville,USA,8812813279,470-60-6244,Sallee,Rispine
224,Maxwell Footitt,23-12-1991,Male,690 Hwy 78,Sumiton,USA,8955868258,108-70-1053,Maxwell,Footitt
225,Leslie MacFadzean,12-07-1964,Male,41301 US Hwy 280,Sylacauga,USA,8896596434,348-88-9511,Leslie,MacFadzean
226,Rodolphe Hacking,18-11-2014,Male,214 Haynes Street,Talladega,USA,8986234307,774-34-7382,Rodolphe,Hacking
227,Deedee Bycraft,11-02-1987,Female,1300 Gilmer Ave,Tallassee,USA,8900838511,596-83-8622,Deedee,Bycraft
228,Dania Barnewall,08-02-1992,Female,34301 Hwy 43,Thomasville,USA,8823519675,471-60-6150,Dania,Barnewall
229,Alric Boorn,11-04-1976,Male,1420 Us 231 South,Troy,USA,8988896989,335-46-6842,Alric,Boorn
230,Melantha Fundell,08-07-1970,Female,1501 Skyland Blvd E,Tuscaloosa,USA,8897587995,236-03-5318,Melantha,Fundell
232,Zachariah Worswick,03-09-1976,Male,1300 Montgomery Highway,Vestavia Hills,USA,8982877706,171-07-1680,Zachariah,Worswick
233,Reinhard Dixcee,16-01-1996,Male,4538 Us Hwy 231,Wetumpka,USA,8842699397,485-32-4305,Reinhard,Dixcee
234,Coleman Karys,12-10-1992,Male,2575 Us Hwy 43,Winfield,USA,8834453210,105-27-3078,Coleman,Karys
